{"loss": [1.6556456089019775, 1.1515048742294312], "accuracy": [0.4494599997997284, 0.6029800176620483], "val_loss": [1.1395734548568726, 0.9730328321456909], "val_accuracy": [0.597000002861023, 0.6639999747276306]}