{"loss": [1.5739065408706665, 1.1051796674728394], "accuracy": [0.4781399965286255, 0.6196399927139282], "val_loss": [1.442435622215271, 1.09588623046875], "val_accuracy": [0.49470001459121704, 0.6209999918937683]}