{"loss": [1.5739065408706665, 1.1051796674728394, 0.9437375664710999, 0.8510798215866089, 0.773836076259613, 0.7127456068992615, 0.664379358291626, 0.6176645159721375, 0.586230993270874, 0.543371319770813, 0.5148117542266846, 0.4819287061691284, 0.4606022536754608, 0.43577393889427185, 0.41789522767066956, 0.38957807421684265, 0.3739335238933563, 0.3583708703517914, 0.3438480496406555, 0.32954034209251404, 0.30968788266181946, 0.31144052743911743, 0.28992295265197754, 0.28044289350509644, 0.26464909315109253, 0.2565293312072754, 0.2523910403251648, 0.23686765134334564, 0.22764265537261963, 0.22341662645339966, 0.21679754555225372, 0.21296066045761108, 0.21159890294075012, 0.19540652632713318, 0.18851400911808014, 0.19040720164775848, 0.18335044384002686, 0.17986072599887848, 0.1778348684310913, 0.16757254302501678, 0.168334499001503, 0.16010616719722748, 0.16212165355682373, 0.16294421255588531, 0.15660569071769714, 0.15289431810379028, 0.1561107486486435, 0.14500050246715546, 0.13821694254875183, 0.13527099788188934, 0.137941375374794, 0.13515602052211761, 0.13018237054347992, 0.12809869647026062, 0.128688782453537, 0.12444904446601868, 0.1255824714899063, 0.12255555391311646, 0.12207487225532532, 0.11851220577955246, 0.11628730595111847, 0.11419197916984558, 0.11545821279287338, 0.11154793947935104, 0.1063116043806076, 0.10696743428707123, 0.10686659812927246, 0.10379136353731155, 0.11030568182468414, 0.10599251836538315, 0.10076555609703064, 0.1054607406258583, 0.100971519947052, 0.09672699868679047, 0.0985531359910965, 0.09685002267360687, 0.09830237925052643, 0.09506691247224808, 0.09073305875062943, 0.09023595601320267, 0.0916193351149559, 0.09252709150314331, 0.0907912626862526, 0.08849480748176575, 0.09009511768817902, 0.08799952268600464, 0.08916576951742172, 0.086944580078125, 0.09077693521976471, 0.0848432257771492, 0.10195168107748032, 0.08909063786268234, 0.08711562305688858, 0.10043058544397354, 0.08522237092256546, 0.08045627176761627, 0.08428789675235748, 0.07871091365814209, 0.07874375581741333, 0.07846635580062866], "accuracy": [0.4781399965286255, 0.6196399927139282, 0.6725599765777588, 0.7048799991607666, 0.7272999882698059, 0.7506200075149536, 0.7672799825668335, 0.7814199924468994, 0.7939000129699707, 0.8093400001525879, 0.8160799741744995, 0.8271200060844421, 0.835860013961792, 0.8444200158119202, 0.8507800102233887, 0.8598399758338928, 0.8660200238227844, 0.8703799843788147, 0.8761600255966187, 0.8811799883842468, 0.8894199728965759, 0.89055997133255, 0.8967400193214417, 0.9007999897003174, 0.9039400219917297, 0.9084799885749817, 0.9103000164031982, 0.9150999784469604, 0.9200999736785889, 0.9200400114059448, 0.9218400120735168, 0.9236199855804443, 0.9255399703979492, 0.9298800230026245, 0.9339600205421448, 0.9329000115394592, 0.9347400069236755, 0.9359599947929382, 0.9361600279808044, 0.9408000111579895, 0.9409999847412109, 0.9431800246238708, 0.9426199793815613, 0.9420999884605408, 0.9438199996948242, 0.9450399875640869, 0.9442600011825562, 0.9478200078010559, 0.952239990234375, 0.9516800045967102, 0.9513199925422668, 0.953000009059906, 0.9556599855422974, 0.954200029373169, 0.9546999931335449, 0.9561399817466736, 0.9563000202178955, 0.9561399817466736, 0.9564399719238281, 0.9579600095748901, 0.9589800238609314, 0.9601600170135498, 0.9585400223731995, 0.9598399996757507, 0.9628199934959412, 0.9628199934959412, 0.9617999792098999, 0.9638800024986267, 0.9604600071907043, 0.9625200033187866, 0.9637200236320496, 0.9623000025749207, 0.9646400213241577, 0.9659799933433533, 0.9653599858283997, 0.9660199880599976, 0.9656999707221985, 0.9673200249671936, 0.9686599969863892, 0.9681599736213684, 0.9672999978065491, 0.9674999713897705, 0.9675400257110596, 0.9694799780845642, 0.9684399962425232, 0.9691399931907654, 0.9680399894714355, 0.9695600271224976, 0.9684000015258789, 0.970300018787384, 0.9650400280952454, 0.9685999751091003, 0.9691200256347656, 0.9654800295829773, 0.9703800082206726, 0.9713000059127808, 0.9699400067329407, 0.9726200103759766, 0.9729400277137756, 0.9723399877548218], "val_loss": [1.442435622215271, 1.09588623046875, 0.8564673662185669, 0.763877272605896, 0.8077307343482971, 0.8794352412223816, 0.7045308351516724, 0.6211341023445129, 0.6119760274887085, 0.6023513078689575, 0.6394747495651245, 0.7822009325027466, 0.5613523125648499, 0.5743063688278198, 0.5970084071159363, 0.5721054673194885, 0.5863481163978577, 0.5820783972740173, 0.5629534721374512, 0.5834900140762329, 0.6552596688270569, 0.5847830772399902, 0.6155211925506592, 0.599724531173706, 0.5894285440444946, 0.5901383757591248, 0.5668062567710876, 0.5782579779624939, 0.5744166374206543, 0.6041012406349182, 0.5819594860076904, 0.6589497327804565, 0.5839428901672363, 0.593906581401825, 0.6146091818809509, 0.5988002419471741, 0.616413414478302, 0.6314327716827393, 0.6181375980377197, 0.6024749279022217, 0.6002295613288879, 0.6239792704582214, 0.6186743974685669, 0.644234836101532, 0.6324428915977478, 0.6175427436828613, 0.6333009004592896, 0.6402757167816162, 0.6695616841316223, 0.6175002455711365, 0.6521573066711426, 0.6403882503509521, 0.6449173092842102, 0.6310504078865051, 0.6372354626655579, 0.6259975433349609, 0.6305262446403503, 0.6234855055809021, 0.6217280626296997, 0.6450613737106323, 0.6426947712898254, 0.6494589447975159, 0.6683049201965332, 0.6892833709716797, 0.6686755418777466, 0.673163115978241, 0.6608090400695801, 0.6588627099990845, 0.6554995775222778, 0.645942747592926, 0.6536040902137756, 0.6821971535682678, 0.6920515894889832, 0.6565581560134888, 0.6618047952651978, 0.6579925417900085, 0.6551571488380432, 0.7059370875358582, 0.6721785664558411, 0.6587939858436584, 0.6727280020713806, 0.6545394659042358, 0.6895064115524292, 0.6669240593910217, 0.6586495637893677, 0.6481947302818298, 0.6826006770133972, 0.6755331158638, 0.6695382595062256, 0.6945623755455017, 0.7041490077972412, 0.7000405788421631, 0.7457770705223083, 0.6565852761268616, 0.6610907912254333, 0.6708989143371582, 0.6780093908309937, 0.684252917766571, 0.7072947025299072, 0.6727127432823181],