{"R": 125.05304232711792, "G": 116.00675267028808, "B": 106.11884897537232}